original_file,anonymized_file,paper_id,anonymized_paper_id,model_id,anonymized_model_id
BERGSTROM2026/BERGSTROM2026_sir_prior_immunity_underreporting.txt,BERGSTROM2026/BERGSTROM2026_sir_prior_immunity_underreporting_anonymized.txt,BERGSTROM2026,BERGSTROM2026,BERGSTROM2026_sir_prior_immunity_underreporting,BERGSTROM2026_sir_prior_immunity_underreporting
DANKWA2022/DANKWA2022_hv_s1_host_incidence_known_initial.txt,DANKWA2022/DANKWA2022_hv_s1_host_incidence_known_initial_anonymized.txt,DANKWA2022,DANKWA2022,DANKWA2022_hv_s1_host_incidence_known_initial,DANKWA2022_hv_s1_host_incidence_known_initial
DANKWA2022/DANKWA2022_hv_s1_host_incidence_unknown_initial.txt,DANKWA2022/DANKWA2022_hv_s1_host_incidence_unknown_initial_anonymized.txt,DANKWA2022,DANKWA2022,DANKWA2022_hv_s1_host_incidence_unknown_initial,DANKWA2022_hv_s1_host_incidence_unknown_initial
DANKWA2022/DANKWA2022_hv_s1_host_prevalence_known_initial.txt,DANKWA2022/DANKWA2022_hv_s1_host_prevalence_known_initial_anonymized.txt,DANKWA2022,DANKWA2022,DANKWA2022_hv_s1_host_prevalence_known_initial,DANKWA2022_hv_s1_host_prevalence_known_initial
DANKWA2022/DANKWA2022_hv_s1_host_prevalence_unknown_initial.txt,DANKWA2022/DANKWA2022_hv_s1_host_prevalence_unknown_initial_anonymized.txt,DANKWA2022,DANKWA2022,DANKWA2022_hv_s1_host_prevalence_unknown_initial,DANKWA2022_hv_s1_host_prevalence_unknown_initial
DANKWA2022/DANKWA2022_hv_s2_host_incidence_known_nh_known_initial.txt,DANKWA2022/DANKWA2022_hv_s2_host_incidence_known_nh_known_initial_anonymized.txt,DANKWA2022,DANKWA2022,DANKWA2022_hv_s2_host_incidence_known_nh_known_initial,DANKWA2022_hv_s2_host_incidence_known_nh_known_initial
DANKWA2022/DANKWA2022_hv_s2_host_incidence_known_nh_unknown_initial.txt,DANKWA2022/DANKWA2022_hv_s2_host_incidence_known_nh_unknown_initial_anonymized.txt,DANKWA2022,DANKWA2022,DANKWA2022_hv_s2_host_incidence_known_nh_unknown_initial,DANKWA2022_hv_s2_host_incidence_known_nh_unknown_initial
DANKWA2022/DANKWA2022_hv_s2_host_prevalence_known_nh_known_initial.txt,DANKWA2022/DANKWA2022_hv_s2_host_prevalence_known_nh_known_initial_anonymized.txt,DANKWA2022,DANKWA2022,DANKWA2022_hv_s2_host_prevalence_known_nh_known_initial,DANKWA2022_hv_s2_host_prevalence_known_nh_known_initial
DANKWA2022/DANKWA2022_hv_s2_host_prevalence_known_nh_unknown_initial.txt,DANKWA2022/DANKWA2022_hv_s2_host_prevalence_known_nh_unknown_initial_anonymized.txt,DANKWA2022,DANKWA2022,DANKWA2022_hv_s2_host_prevalence_known_nh_unknown_initial,DANKWA2022_hv_s2_host_prevalence_known_nh_unknown_initial
DANKWA2022/DANKWA2022_hv_s3a_host_incidence_prevalence_known_initial.txt,DANKWA2022/DANKWA2022_hv_s3a_host_incidence_prevalence_known_initial_anonymized.txt,DANKWA2022,DANKWA2022,DANKWA2022_hv_s3a_host_incidence_prevalence_known_initial,DANKWA2022_hv_s3a_host_incidence_prevalence_known_initial
DANKWA2022/DANKWA2022_hv_s3a_host_incidence_prevalence_unknown_initial.txt,DANKWA2022/DANKWA2022_hv_s3a_host_incidence_prevalence_unknown_initial_anonymized.txt,DANKWA2022,DANKWA2022,DANKWA2022_hv_s3a_host_incidence_prevalence_unknown_initial,DANKWA2022_hv_s3a_host_incidence_prevalence_unknown_initial
DANKWA2022/DANKWA2022_hv_s3b_host_vector_data_known_initial.txt,DANKWA2022/DANKWA2022_hv_s3b_host_vector_data_known_initial_anonymized.txt,DANKWA2022,DANKWA2022,DANKWA2022_hv_s3b_host_vector_data_known_initial,DANKWA2022_hv_s3b_host_vector_data_known_initial
DANKWA2022/DANKWA2022_hv_s3b_host_vector_data_unknown_initial.txt,DANKWA2022/DANKWA2022_hv_s3b_host_vector_data_unknown_initial_anonymized.txt,DANKWA2022,DANKWA2022,DANKWA2022_hv_s3b_host_vector_data_unknown_initial,DANKWA2022_hv_s3b_host_vector_data_unknown_initial
DANKWA2022/DANKWA2022_hv_s4a_host_incidence_prevalence_known_nh_known_initial.txt,DANKWA2022/DANKWA2022_hv_s4a_host_incidence_prevalence_known_nh_known_initial_anonymized.txt,DANKWA2022,DANKWA2022,DANKWA2022_hv_s4a_host_incidence_prevalence_known_nh_known_initial,DANKWA2022_hv_s4a_host_incidence_prevalence_known_nh_known_initial
DANKWA2022/DANKWA2022_hv_s4a_host_incidence_prevalence_known_nh_unknown_initial.txt,DANKWA2022/DANKWA2022_hv_s4a_host_incidence_prevalence_known_nh_unknown_initial_anonymized.txt,DANKWA2022,DANKWA2022,DANKWA2022_hv_s4a_host_incidence_prevalence_known_nh_unknown_initial,DANKWA2022_hv_s4a_host_incidence_prevalence_known_nh_unknown_initial
DANKWA2022/DANKWA2022_hv_s4b_host_vector_data_known_nh_known_initial.txt,DANKWA2022/DANKWA2022_hv_s4b_host_vector_data_known_nh_known_initial_anonymized.txt,DANKWA2022,DANKWA2022,DANKWA2022_hv_s4b_host_vector_data_known_nh_known_initial,DANKWA2022_hv_s4b_host_vector_data_known_nh_known_initial
DANKWA2022/DANKWA2022_hv_s4b_host_vector_data_known_nh_unknown_initial.txt,DANKWA2022/DANKWA2022_hv_s4b_host_vector_data_known_nh_unknown_initial_anonymized.txt,DANKWA2022,DANKWA2022,DANKWA2022_hv_s4b_host_vector_data_known_nh_unknown_initial,DANKWA2022_hv_s4b_host_vector_data_known_nh_unknown_initial
DANKWA2022/DANKWA2022_sir_s1_incidence_known_initial.txt,DANKWA2022/DANKWA2022_sir_s1_incidence_known_initial_anonymized.txt,DANKWA2022,DANKWA2022,DANKWA2022_sir_s1_incidence_known_initial,DANKWA2022_sir_s1_incidence_known_initial
DANKWA2022/DANKWA2022_sir_s1_incidence_unknown_initial.txt,DANKWA2022/DANKWA2022_sir_s1_incidence_unknown_initial_anonymized.txt,DANKWA2022,DANKWA2022,DANKWA2022_sir_s1_incidence_unknown_initial,DANKWA2022_sir_s1_incidence_unknown_initial
DANKWA2022/DANKWA2022_sir_s1_prevalence_known_initial.txt,DANKWA2022/DANKWA2022_sir_s1_prevalence_known_initial_anonymized.txt,DANKWA2022,DANKWA2022,DANKWA2022_sir_s1_prevalence_known_initial,DANKWA2022_sir_s1_prevalence_known_initial
DANKWA2022/DANKWA2022_sir_s1_prevalence_unknown_initial.txt,DANKWA2022/DANKWA2022_sir_s1_prevalence_unknown_initial_anonymized.txt,DANKWA2022,DANKWA2022,DANKWA2022_sir_s1_prevalence_unknown_initial,DANKWA2022_sir_s1_prevalence_unknown_initial
DANKWA2022/DANKWA2022_sir_s2_incidence_known_nh_known_initial.txt,DANKWA2022/DANKWA2022_sir_s2_incidence_known_nh_known_initial_anonymized.txt,DANKWA2022,DANKWA2022,DANKWA2022_sir_s2_incidence_known_nh_known_initial,DANKWA2022_sir_s2_incidence_known_nh_known_initial
DANKWA2022/DANKWA2022_sir_s2_incidence_known_nh_unknown_initial.txt,DANKWA2022/DANKWA2022_sir_s2_incidence_known_nh_unknown_initial_anonymized.txt,DANKWA2022,DANKWA2022,DANKWA2022_sir_s2_incidence_known_nh_unknown_initial,DANKWA2022_sir_s2_incidence_known_nh_unknown_initial
DANKWA2022/DANKWA2022_sir_s2_prevalence_known_nh_known_initial.txt,DANKWA2022/DANKWA2022_sir_s2_prevalence_known_nh_known_initial_anonymized.txt,DANKWA2022,DANKWA2022,DANKWA2022_sir_s2_prevalence_known_nh_known_initial,DANKWA2022_sir_s2_prevalence_known_nh_known_initial
DANKWA2022/DANKWA2022_sir_s2_prevalence_known_nh_unknown_initial.txt,DANKWA2022/DANKWA2022_sir_s2_prevalence_known_nh_unknown_initial_anonymized.txt,DANKWA2022,DANKWA2022,DANKWA2022_sir_s2_prevalence_known_nh_unknown_initial,DANKWA2022_sir_s2_prevalence_known_nh_unknown_initial
DANKWA2022/DANKWA2022_sir_s3_incidence_prevalence_known_initial.txt,DANKWA2022/DANKWA2022_sir_s3_incidence_prevalence_known_initial_anonymized.txt,DANKWA2022,DANKWA2022,DANKWA2022_sir_s3_incidence_prevalence_known_initial,DANKWA2022_sir_s3_incidence_prevalence_known_initial
DANKWA2022/DANKWA2022_sir_s3_incidence_prevalence_unknown_initial.txt,DANKWA2022/DANKWA2022_sir_s3_incidence_prevalence_unknown_initial_anonymized.txt,DANKWA2022,DANKWA2022,DANKWA2022_sir_s3_incidence_prevalence_unknown_initial,DANKWA2022_sir_s3_incidence_prevalence_unknown_initial
DANKWA2022/DANKWA2022_sir_s4_incidence_prevalence_known_nh_known_initial.txt,DANKWA2022/DANKWA2022_sir_s4_incidence_prevalence_known_nh_known_initial_anonymized.txt,DANKWA2022,DANKWA2022,DANKWA2022_sir_s4_incidence_prevalence_known_nh_known_initial,DANKWA2022_sir_s4_incidence_prevalence_known_nh_known_initial
DANKWA2022/DANKWA2022_sir_s4_incidence_prevalence_known_nh_unknown_initial.txt,DANKWA2022/DANKWA2022_sir_s4_incidence_prevalence_known_nh_unknown_initial_anonymized.txt,DANKWA2022,DANKWA2022,DANKWA2022_sir_s4_incidence_prevalence_known_nh_unknown_initial,DANKWA2022_sir_s4_incidence_prevalence_known_nh_unknown_initial
DANKWA2022/DANKWA2022_slir_s1_incidence_known_initial.txt,DANKWA2022/DANKWA2022_slir_s1_incidence_known_initial_anonymized.txt,DANKWA2022,DANKWA2022,DANKWA2022_slir_s1_incidence_known_initial,DANKWA2022_slir_s1_incidence_known_initial
DANKWA2022/DANKWA2022_slir_s1_incidence_unknown_initial.txt,DANKWA2022/DANKWA2022_slir_s1_incidence_unknown_initial_anonymized.txt,DANKWA2022,DANKWA2022,DANKWA2022_slir_s1_incidence_unknown_initial,DANKWA2022_slir_s1_incidence_unknown_initial
DANKWA2022/DANKWA2022_slir_s1_prevalence_known_initial.txt,DANKWA2022/DANKWA2022_slir_s1_prevalence_known_initial_anonymized.txt,DANKWA2022,DANKWA2022,DANKWA2022_slir_s1_prevalence_known_initial,DANKWA2022_slir_s1_prevalence_known_initial
DANKWA2022/DANKWA2022_slir_s1_prevalence_unknown_initial.txt,DANKWA2022/DANKWA2022_slir_s1_prevalence_unknown_initial_anonymized.txt,DANKWA2022,DANKWA2022,DANKWA2022_slir_s1_prevalence_unknown_initial,DANKWA2022_slir_s1_prevalence_unknown_initial
DANKWA2022/DANKWA2022_slir_s2_incidence_known_nh_known_initial.txt,DANKWA2022/DANKWA2022_slir_s2_incidence_known_nh_known_initial_anonymized.txt,DANKWA2022,DANKWA2022,DANKWA2022_slir_s2_incidence_known_nh_known_initial,DANKWA2022_slir_s2_incidence_known_nh_known_initial
DANKWA2022/DANKWA2022_slir_s2_incidence_known_nh_unknown_initial.txt,DANKWA2022/DANKWA2022_slir_s2_incidence_known_nh_unknown_initial_anonymized.txt,DANKWA2022,DANKWA2022,DANKWA2022_slir_s2_incidence_known_nh_unknown_initial,DANKWA2022_slir_s2_incidence_known_nh_unknown_initial
DANKWA2022/DANKWA2022_slir_s2_prevalence_known_nh_known_initial.txt,DANKWA2022/DANKWA2022_slir_s2_prevalence_known_nh_known_initial_anonymized.txt,DANKWA2022,DANKWA2022,DANKWA2022_slir_s2_prevalence_known_nh_known_initial,DANKWA2022_slir_s2_prevalence_known_nh_known_initial
DANKWA2022/DANKWA2022_slir_s2_prevalence_known_nh_unknown_initial.txt,DANKWA2022/DANKWA2022_slir_s2_prevalence_known_nh_unknown_initial_anonymized.txt,DANKWA2022,DANKWA2022,DANKWA2022_slir_s2_prevalence_known_nh_unknown_initial,DANKWA2022_slir_s2_prevalence_known_nh_unknown_initial
DANKWA2022/DANKWA2022_slir_s3_incidence_prevalence_known_initial.txt,DANKWA2022/DANKWA2022_slir_s3_incidence_prevalence_known_initial_anonymized.txt,DANKWA2022,DANKWA2022,DANKWA2022_slir_s3_incidence_prevalence_known_initial,DANKWA2022_slir_s3_incidence_prevalence_known_initial
DANKWA2022/DANKWA2022_slir_s3_incidence_prevalence_unknown_initial.txt,DANKWA2022/DANKWA2022_slir_s3_incidence_prevalence_unknown_initial_anonymized.txt,DANKWA2022,DANKWA2022,DANKWA2022_slir_s3_incidence_prevalence_unknown_initial,DANKWA2022_slir_s3_incidence_prevalence_unknown_initial
DANKWA2022/DANKWA2022_slir_s4_incidence_prevalence_known_nh_known_initial.txt,DANKWA2022/DANKWA2022_slir_s4_incidence_prevalence_known_nh_known_initial_anonymized.txt,DANKWA2022,DANKWA2022,DANKWA2022_slir_s4_incidence_prevalence_known_nh_known_initial,DANKWA2022_slir_s4_incidence_prevalence_known_nh_known_initial
DANKWA2022/DANKWA2022_slir_s4_incidence_prevalence_known_nh_unknown_initial.txt,DANKWA2022/DANKWA2022_slir_s4_incidence_prevalence_known_nh_unknown_initial_anonymized.txt,DANKWA2022,DANKWA2022,DANKWA2022_slir_s4_incidence_prevalence_known_nh_unknown_initial,DANKWA2022_slir_s4_incidence_prevalence_known_nh_unknown_initial
DANKWA2022/DANKWA2022_slirq_s1_incidence_known_initial.txt,DANKWA2022/DANKWA2022_slirq_s1_incidence_known_initial_anonymized.txt,DANKWA2022,DANKWA2022,DANKWA2022_slirq_s1_incidence_known_initial,DANKWA2022_slirq_s1_incidence_known_initial
DANKWA2022/DANKWA2022_slirq_s1_incidence_unknown_initial.txt,DANKWA2022/DANKWA2022_slirq_s1_incidence_unknown_initial_anonymized.txt,DANKWA2022,DANKWA2022,DANKWA2022_slirq_s1_incidence_unknown_initial,DANKWA2022_slirq_s1_incidence_unknown_initial
DANKWA2022/DANKWA2022_slirq_s1_prevalence_known_initial.txt,DANKWA2022/DANKWA2022_slirq_s1_prevalence_known_initial_anonymized.txt,DANKWA2022,DANKWA2022,DANKWA2022_slirq_s1_prevalence_known_initial,DANKWA2022_slirq_s1_prevalence_known_initial
DANKWA2022/DANKWA2022_slirq_s1_prevalence_unknown_initial.txt,DANKWA2022/DANKWA2022_slirq_s1_prevalence_unknown_initial_anonymized.txt,DANKWA2022,DANKWA2022,DANKWA2022_slirq_s1_prevalence_unknown_initial,DANKWA2022_slirq_s1_prevalence_unknown_initial
DANKWA2022/DANKWA2022_slirq_s2_incidence_known_nh_known_initial.txt,DANKWA2022/DANKWA2022_slirq_s2_incidence_known_nh_known_initial_anonymized.txt,DANKWA2022,DANKWA2022,DANKWA2022_slirq_s2_incidence_known_nh_known_initial,DANKWA2022_slirq_s2_incidence_known_nh_known_initial
DANKWA2022/DANKWA2022_slirq_s2_incidence_known_nh_unknown_initial.txt,DANKWA2022/DANKWA2022_slirq_s2_incidence_known_nh_unknown_initial_anonymized.txt,DANKWA2022,DANKWA2022,DANKWA2022_slirq_s2_incidence_known_nh_unknown_initial,DANKWA2022_slirq_s2_incidence_known_nh_unknown_initial
DANKWA2022/DANKWA2022_slirq_s2_prevalence_known_nh_known_initial.txt,DANKWA2022/DANKWA2022_slirq_s2_prevalence_known_nh_known_initial_anonymized.txt,DANKWA2022,DANKWA2022,DANKWA2022_slirq_s2_prevalence_known_nh_known_initial,DANKWA2022_slirq_s2_prevalence_known_nh_known_initial
DANKWA2022/DANKWA2022_slirq_s2_prevalence_known_nh_unknown_initial.txt,DANKWA2022/DANKWA2022_slirq_s2_prevalence_known_nh_unknown_initial_anonymized.txt,DANKWA2022,DANKWA2022,DANKWA2022_slirq_s2_prevalence_known_nh_unknown_initial,DANKWA2022_slirq_s2_prevalence_known_nh_unknown_initial
DANKWA2022/DANKWA2022_slirq_s3_incidence_prevalence_known_initial.txt,DANKWA2022/DANKWA2022_slirq_s3_incidence_prevalence_known_initial_anonymized.txt,DANKWA2022,DANKWA2022,DANKWA2022_slirq_s3_incidence_prevalence_known_initial,DANKWA2022_slirq_s3_incidence_prevalence_known_initial
DANKWA2022/DANKWA2022_slirq_s3_incidence_prevalence_unknown_initial.txt,DANKWA2022/DANKWA2022_slirq_s3_incidence_prevalence_unknown_initial_anonymized.txt,DANKWA2022,DANKWA2022,DANKWA2022_slirq_s3_incidence_prevalence_unknown_initial,DANKWA2022_slirq_s3_incidence_prevalence_unknown_initial
DANKWA2022/DANKWA2022_slirq_s4_incidence_prevalence_known_nh_known_initial.txt,DANKWA2022/DANKWA2022_slirq_s4_incidence_prevalence_known_nh_known_initial_anonymized.txt,DANKWA2022,DANKWA2022,DANKWA2022_slirq_s4_incidence_prevalence_known_nh_known_initial,DANKWA2022_slirq_s4_incidence_prevalence_known_nh_known_initial
DANKWA2022/DANKWA2022_slirq_s4_incidence_prevalence_known_nh_unknown_initial.txt,DANKWA2022/DANKWA2022_slirq_s4_incidence_prevalence_known_nh_unknown_initial_anonymized.txt,DANKWA2022,DANKWA2022,DANKWA2022_slirq_s4_incidence_prevalence_known_nh_unknown_initial,DANKWA2022_slirq_s4_incidence_prevalence_known_nh_unknown_initial
EISENBERG2013/EISENBERG2013_siwr_prevalence_known_initial.txt,EISENBERG2013/EISENBERG2013_siwr_prevalence_known_initial_anonymized.txt,EISENBERG2013,EISENBERG2013,EISENBERG2013_siwr_prevalence_known_initial,EISENBERG2013_siwr_prevalence_known_initial
EISENBERG2013/EISENBERG2013_siwr_prevalence_unknown_initial.txt,EISENBERG2013/EISENBERG2013_siwr_prevalence_unknown_initial_anonymized.txt,EISENBERG2013,EISENBERG2013,EISENBERG2013_siwr_prevalence_unknown_initial,EISENBERG2013_siwr_prevalence_unknown_initial
GIORDANO2020/GIORDANO2020_sidarthe_direct_outputs.txt,GIORDANO2020/GIORDANO2020_sidarthe_direct_outputs_anonymized.txt,GIORDANO2020,GIORDANO2020,GIORDANO2020_sidarthe_direct_outputs,GIORDANO2020_sidarthe_direct_outputs
GIORDANO2020/GIORDANO2020_sidarthe_direct_outputs_unknown.txt,GIORDANO2020/GIORDANO2020_sidarthe_direct_outputs_unknown_anonymized.txt,GIORDANO2020,GIORDANO2020,GIORDANO2020_sidarthe_direct_outputs_unknown,GIORDANO2020_sidarthe_direct_outputs_unknown
GIORDANO2020/GIORDANO2020_sidarthe_reconstructed_surveillance.txt,GIORDANO2020/GIORDANO2020_sidarthe_reconstructed_surveillance_anonymized.txt,GIORDANO2020,GIORDANO2020,GIORDANO2020_sidarthe_reconstructed_surveillance,GIORDANO2020_sidarthe_reconstructed_surveillance
GIORDANO2020/GIORDANO2020_sidarthe_reconstructed_surveillance_unknown.txt,GIORDANO2020/GIORDANO2020_sidarthe_reconstructed_surveillance_unknown_anonymized.txt,GIORDANO2020,GIORDANO2020,GIORDANO2020_sidarthe_reconstructed_surveillance_unknown,GIORDANO2020_sidarthe_reconstructed_surveillance_unknown
LIN2020/LIN2020_seir_behavioral_source_known_initial.txt,LIN2020/LIN2020_seir_behavioral_source_known_initial_anonymized.txt,LIN2020,LIN2020,LIN2020_seir_behavioral_source_known_initial,LIN2020_seir_behavioral_source_known_initial
LIN2020/LIN2020_seir_behavioral_source_unknown_initial.txt,LIN2020/LIN2020_seir_behavioral_source_unknown_initial_anonymized.txt,LIN2020,LIN2020,LIN2020_seir_behavioral_source_unknown_initial,LIN2020_seir_behavioral_source_unknown_initial
LIN2020/LIN2020_seir_known_input_adaptation_known_initial.txt,LIN2020/LIN2020_seir_known_input_adaptation_known_initial_anonymized.txt,LIN2020,LIN2020,LIN2020_seir_known_input_adaptation_known_initial,LIN2020_seir_known_input_adaptation_known_initial
LIN2020/LIN2020_seir_known_input_adaptation_unknown_initial.txt,LIN2020/LIN2020_seir_known_input_adaptation_unknown_initial_anonymized.txt,LIN2020,LIN2020,LIN2020_seir_known_input_adaptation_unknown_initial,LIN2020_seir_known_input_adaptation_unknown_initial
LIYANAGE2026/LIYANAGE2026_Model10a_known_initial.txt,LIYANAGE2026/LIYANAGE2026_Model10a_known_initial_anonymized.txt,LIYANAGE2026,LIYANAGE2026,LIYANAGE2026_Model10a_known_initial,LIYANAGE2026_Model10a_known_initial
LIYANAGE2026/LIYANAGE2026_Model10a_unknown_initial.txt,LIYANAGE2026/LIYANAGE2026_Model10a_unknown_initial_anonymized.txt,LIYANAGE2026,LIYANAGE2026,LIYANAGE2026_Model10a_unknown_initial,LIYANAGE2026_Model10a_unknown_initial
LIYANAGE2026/LIYANAGE2026_Model10b_known_initial.txt,LIYANAGE2026/LIYANAGE2026_Model10b_known_initial_anonymized.txt,LIYANAGE2026,LIYANAGE2026,LIYANAGE2026_Model10b_known_initial,LIYANAGE2026_Model10b_known_initial
LIYANAGE2026/LIYANAGE2026_Model10b_unknown_initial.txt,LIYANAGE2026/LIYANAGE2026_Model10b_unknown_initial_anonymized.txt,LIYANAGE2026,LIYANAGE2026,LIYANAGE2026_Model10b_unknown_initial,LIYANAGE2026_Model10b_unknown_initial
LIYANAGE2026/LIYANAGE2026_Model11_known_initial.txt,LIYANAGE2026/LIYANAGE2026_Model11_known_initial_anonymized.txt,LIYANAGE2026,LIYANAGE2026,LIYANAGE2026_Model11_known_initial,LIYANAGE2026_Model11_known_initial
LIYANAGE2026/LIYANAGE2026_Model11_unknown_initial.txt,LIYANAGE2026/LIYANAGE2026_Model11_unknown_initial_anonymized.txt,LIYANAGE2026,LIYANAGE2026,LIYANAGE2026_Model11_unknown_initial,LIYANAGE2026_Model11_unknown_initial
LIYANAGE2026/LIYANAGE2026_Model1_known_initial.txt,LIYANAGE2026/LIYANAGE2026_Model1_known_initial_anonymized.txt,LIYANAGE2026,LIYANAGE2026,LIYANAGE2026_Model1_known_initial,LIYANAGE2026_Model1_known_initial
LIYANAGE2026/LIYANAGE2026_Model1_unknown_initial.txt,LIYANAGE2026/LIYANAGE2026_Model1_unknown_initial_anonymized.txt,LIYANAGE2026,LIYANAGE2026,LIYANAGE2026_Model1_unknown_initial,LIYANAGE2026_Model1_unknown_initial
LIYANAGE2026/LIYANAGE2026_Model2_known_initial.txt,LIYANAGE2026/LIYANAGE2026_Model2_known_initial_anonymized.txt,LIYANAGE2026,LIYANAGE2026,LIYANAGE2026_Model2_known_initial,LIYANAGE2026_Model2_known_initial
LIYANAGE2026/LIYANAGE2026_Model2_unknown_initial.txt,LIYANAGE2026/LIYANAGE2026_Model2_unknown_initial_anonymized.txt,LIYANAGE2026,LIYANAGE2026,LIYANAGE2026_Model2_unknown_initial,LIYANAGE2026_Model2_unknown_initial
LIYANAGE2026/LIYANAGE2026_Model3_known_initial.txt,LIYANAGE2026/LIYANAGE2026_Model3_known_initial_anonymized.txt,LIYANAGE2026,LIYANAGE2026,LIYANAGE2026_Model3_known_initial,LIYANAGE2026_Model3_known_initial
LIYANAGE2026/LIYANAGE2026_Model3_unknown_initial.txt,LIYANAGE2026/LIYANAGE2026_Model3_unknown_initial_anonymized.txt,LIYANAGE2026,LIYANAGE2026,LIYANAGE2026_Model3_unknown_initial,LIYANAGE2026_Model3_unknown_initial
LIYANAGE2026/LIYANAGE2026_Model4a_known_initial.txt,LIYANAGE2026/LIYANAGE2026_Model4a_known_initial_anonymized.txt,LIYANAGE2026,LIYANAGE2026,LIYANAGE2026_Model4a_known_initial,LIYANAGE2026_Model4a_known_initial
LIYANAGE2026/LIYANAGE2026_Model4a_unknown_initial.txt,LIYANAGE2026/LIYANAGE2026_Model4a_unknown_initial_anonymized.txt,LIYANAGE2026,LIYANAGE2026,LIYANAGE2026_Model4a_unknown_initial,LIYANAGE2026_Model4a_unknown_initial
LIYANAGE2026/LIYANAGE2026_Model4b_known_initial.txt,LIYANAGE2026/LIYANAGE2026_Model4b_known_initial_anonymized.txt,LIYANAGE2026,LIYANAGE2026,LIYANAGE2026_Model4b_known_initial,LIYANAGE2026_Model4b_known_initial
LIYANAGE2026/LIYANAGE2026_Model4b_unknown_initial.txt,LIYANAGE2026/LIYANAGE2026_Model4b_unknown_initial_anonymized.txt,LIYANAGE2026,LIYANAGE2026,LIYANAGE2026_Model4b_unknown_initial,LIYANAGE2026_Model4b_unknown_initial
LIYANAGE2026/LIYANAGE2026_Model5_known_initial.txt,LIYANAGE2026/LIYANAGE2026_Model5_known_initial_anonymized.txt,LIYANAGE2026,LIYANAGE2026,LIYANAGE2026_Model5_known_initial,LIYANAGE2026_Model5_known_initial
LIYANAGE2026/LIYANAGE2026_Model5_unknown_initial.txt,LIYANAGE2026/LIYANAGE2026_Model5_unknown_initial_anonymized.txt,LIYANAGE2026,LIYANAGE2026,LIYANAGE2026_Model5_unknown_initial,LIYANAGE2026_Model5_unknown_initial
LIYANAGE2026/LIYANAGE2026_Model6_known_initial.txt,LIYANAGE2026/LIYANAGE2026_Model6_known_initial_anonymized.txt,LIYANAGE2026,LIYANAGE2026,LIYANAGE2026_Model6_known_initial,LIYANAGE2026_Model6_known_initial
LIYANAGE2026/LIYANAGE2026_Model6_unknown_initial.txt,LIYANAGE2026/LIYANAGE2026_Model6_unknown_initial_anonymized.txt,LIYANAGE2026,LIYANAGE2026,LIYANAGE2026_Model6_unknown_initial,LIYANAGE2026_Model6_unknown_initial
LIYANAGE2026/LIYANAGE2026_Model7a_known_initial.txt,LIYANAGE2026/LIYANAGE2026_Model7a_known_initial_anonymized.txt,LIYANAGE2026,LIYANAGE2026,LIYANAGE2026_Model7a_known_initial,LIYANAGE2026_Model7a_known_initial
LIYANAGE2026/LIYANAGE2026_Model7a_unknown_initial.txt,LIYANAGE2026/LIYANAGE2026_Model7a_unknown_initial_anonymized.txt,LIYANAGE2026,LIYANAGE2026,LIYANAGE2026_Model7a_unknown_initial,LIYANAGE2026_Model7a_unknown_initial
LIYANAGE2026/LIYANAGE2026_Model7b_known_initial.txt,LIYANAGE2026/LIYANAGE2026_Model7b_known_initial_anonymized.txt,LIYANAGE2026,LIYANAGE2026,LIYANAGE2026_Model7b_known_initial,LIYANAGE2026_Model7b_known_initial
LIYANAGE2026/LIYANAGE2026_Model7b_unknown_initial.txt,LIYANAGE2026/LIYANAGE2026_Model7b_unknown_initial_anonymized.txt,LIYANAGE2026,LIYANAGE2026,LIYANAGE2026_Model7b_unknown_initial,LIYANAGE2026_Model7b_unknown_initial
LIYANAGE2026/LIYANAGE2026_Model7c_known_initial.txt,LIYANAGE2026/LIYANAGE2026_Model7c_known_initial_anonymized.txt,LIYANAGE2026,LIYANAGE2026,LIYANAGE2026_Model7c_known_initial,LIYANAGE2026_Model7c_known_initial
LIYANAGE2026/LIYANAGE2026_Model7c_unknown_initial.txt,LIYANAGE2026/LIYANAGE2026_Model7c_unknown_initial_anonymized.txt,LIYANAGE2026,LIYANAGE2026,LIYANAGE2026_Model7c_unknown_initial,LIYANAGE2026_Model7c_unknown_initial
LIYANAGE2026/LIYANAGE2026_Model8a_known_initial.txt,LIYANAGE2026/LIYANAGE2026_Model8a_known_initial_anonymized.txt,LIYANAGE2026,LIYANAGE2026,LIYANAGE2026_Model8a_known_initial,LIYANAGE2026_Model8a_known_initial
LIYANAGE2026/LIYANAGE2026_Model8a_unknown_initial.txt,LIYANAGE2026/LIYANAGE2026_Model8a_unknown_initial_anonymized.txt,LIYANAGE2026,LIYANAGE2026,LIYANAGE2026_Model8a_unknown_initial,LIYANAGE2026_Model8a_unknown_initial
LIYANAGE2026/LIYANAGE2026_Model8b_known_initial.txt,LIYANAGE2026/LIYANAGE2026_Model8b_known_initial_anonymized.txt,LIYANAGE2026,LIYANAGE2026,LIYANAGE2026_Model8b_known_initial,LIYANAGE2026_Model8b_known_initial
LIYANAGE2026/LIYANAGE2026_Model8b_unknown_initial.txt,LIYANAGE2026/LIYANAGE2026_Model8b_unknown_initial_anonymized.txt,LIYANAGE2026,LIYANAGE2026,LIYANAGE2026_Model8b_unknown_initial,LIYANAGE2026_Model8b_unknown_initial
LIYANAGE2026/LIYANAGE2026_Model9_known_initial.txt,LIYANAGE2026/LIYANAGE2026_Model9_known_initial_anonymized.txt,LIYANAGE2026,LIYANAGE2026,LIYANAGE2026_Model9_known_initial,LIYANAGE2026_Model9_known_initial
LIYANAGE2026/LIYANAGE2026_Model9_unknown_initial.txt,LIYANAGE2026/LIYANAGE2026_Model9_unknown_initial_anonymized.txt,LIYANAGE2026,LIYANAGE2026,LIYANAGE2026_Model9_unknown_initial,LIYANAGE2026_Model9_unknown_initial
NDAIROU2020/NDAIROU2020_seipahrf_published_outputs_known_initial.txt,NDAIROU2020/NDAIROU2020_seipahrf_published_outputs_known_initial_anonymized.txt,NDAIROU2020,NDAIROU2020,NDAIROU2020_seipahrf_published_outputs_known_initial,NDAIROU2020_seipahrf_published_outputs_known_initial
NDAIROU2020/NDAIROU2020_seipahrf_published_outputs_unknown_initial.txt,NDAIROU2020/NDAIROU2020_seipahrf_published_outputs_unknown_initial_anonymized.txt,NDAIROU2020,NDAIROU2020,NDAIROU2020_seipahrf_published_outputs_unknown_initial,NDAIROU2020_seipahrf_published_outputs_unknown_initial
ROOSA2019/ROOSA2019_m1_seir_incidence.txt,ROOSA2019/ROOSA2019_m1_seir_incidence_anonymized.txt,ROOSA2019,ROOSA2019,ROOSA2019_m1_seir_incidence,ROOSA2019_m1_seir_incidence
ROOSA2019/ROOSA2019_m2_seiar_diagnosis.txt,ROOSA2019/ROOSA2019_m2_seiar_diagnosis_anonymized.txt,ROOSA2019,ROOSA2019,ROOSA2019_m2_seiar_diagnosis,ROOSA2019_m2_seiar_diagnosis
ROOSA2019/ROOSA2019_m3_ebola_legrand_incidence.txt,ROOSA2019/ROOSA2019_m3_ebola_legrand_incidence_anonymized.txt,ROOSA2019,ROOSA2019,ROOSA2019_m3_ebola_legrand_incidence,ROOSA2019_m3_ebola_legrand_incidence
ROOSA2019/ROOSA2019_m4_zika_host_vector_incidence.txt,ROOSA2019/ROOSA2019_m4_zika_host_vector_incidence_anonymized.txt,ROOSA2019,ROOSA2019,ROOSA2019_m4_zika_host_vector_incidence,ROOSA2019_m4_zika_host_vector_incidence
SAUER2022/SAUER2022_seir_infectious_prevalence.txt,SAUER2022/SAUER2022_seir_infectious_prevalence_anonymized.txt,SAUER2022,SAUER2022,SAUER2022_seir_infectious_prevalence,SAUER2022_seir_infectious_prevalence
SAUER2022/SAUER2022_seuir_reparam_reported_prevalence.txt,SAUER2022/SAUER2022_seuir_reparam_reported_prevalence_anonymized.txt,SAUER2022,SAUER2022,SAUER2022_seuir_reparam_reported_prevalence,SAUER2022_seuir_reparam_reported_prevalence
WU2022/WU2022_model4_confirmed_prevalence_unknown_initial.txt,WU2022/WU2022_model4_confirmed_prevalence_unknown_initial_anonymized.txt,WU2022,WU2022,WU2022_model4_confirmed_prevalence_unknown_initial,WU2022_model4_confirmed_prevalence_unknown_initial
